withdrawal_id,case_id,account_id,location_id,amount,timestamp
W0001,C0001,A0001_5,L001,34598,2026-06-13 05:55:00
W0002,C0002,A0002_6,L005,28417,2026-02-11 02:39:00
W0003,C0003,A0003_6,L007,8516,2026-08-07 09:37:00
W0004,C0004,A0004_7,L007,59219,2026-02-24 22:38:00
W0005,C0005,A0005_4,L006,32110,2026-05-16 10:46:00
W0006,C0006,A0006_6,L005,16343,2026-05-10 22:51:00
W0007,C0007,A0007_6,L006,11253,2026-04-19 09:14:00
W0008,C0008,A0008_5,L006,5453,2026-02-03 21:33:00
W0009,C0009,A0009_6,L001,7044,2026-04-25 07:54:00
W0010,C0010,A0010_5,L001,4586,2026-07-07 21:45:00
W0011,C0011,A0011_4,L004,73463,2026-01-31 22:28:00
W0012,C0012,A0012_6,L005,21885,2026-05-25 06:12:00
W0013,C0013,A0013_7,L004,7028,2026-07-03 14:34:00
W0014,C0014,A0014_5,L007,9246,2026-06-20 06:46:00
W0015,C0015,A0015_5,L007,15896,2026-08-12 10:37:00
W0016,C0016,A0016_7,L012,11245,2026-04-23 00:12:00
W0017,C0017,A0017_7,L008,11663,2026-06-23 08:17:00
W0018,C0018,A0018_7,L002,38028,2026-05-03 00:15:00
W0019,C0019,A0019_5,L009,23786,2026-05-10 16:55:00
W0020,C0020,A0020_7,L010,7181,2026-06-27 08:27:00
W0021,C0021,A0021_7,L012,12399,2026-08-24 07:28:00
W0022,C0022,A0022_5,L005,42572,2026-01-08 10:17:00
W0023,C0023,A0023_5,L010,4439,2026-04-07 15:25:00
W0024,C0024,A0024_5,L007,14567,2026-08-17 19:38:00
W0025,C0025,A0025_5,L009,20946,2026-03-28 03:22:00
W0026,C0026,A0026_7,L004,13600,2026-06-27 12:20:00
W0027,C0027,A0027_6,L006,6731,2026-02-02 11:24:00
W0028,C0028,A0028_7,L004,17083,2026-05-23 17:20:00
W0029,C0029,A0029_7,L012,5872,2026-06-25 12:01:00
W0030,C0030,A0030_6,L010,14446,2026-03-01 02:38:00
W0031,C0031,A0031_4,L009,22075,2026-01-23 12:32:00
W0032,C0032,A0032_5,L002,11027,2026-05-05 06:15:00
W0033,C0033,A0033_4,L012,58728,2026-02-19 00:02:00
W0034,C0034,A0034_5,L011,12784,2026-02-19 03:43:00
W0035,C0035,A0035_7,L009,37516,2026-08-12 00:29:00
W0036,C0036,A0036_4,L007,40759,2026-08-20 04:27:00
W0037,C0037,A0037_6,L005,15955,2026-03-01 20:34:00
W0038,C0038,A0038_4,L008,4631,2026-08-02 00:42:00
W0039,C0039,A0039_4,L008,41917,2026-06-15 03:10:00
W0040,C0040,A0040_4,L009,20999,2026-03-17 12:50:00
W0041,C0041,A0041_5,L003,22948,2026-01-07 23:09:00
W0042,C0042,A0042_7,L004,20190,2026-08-15 16:38:00
W0043,C0043,A0043_5,L009,9183,2026-07-15 20:22:00
W0044,C0044,A0044_4,L007,55868,2026-07-09 16:27:00
W0045,C0045,A0045_6,L007,11049,2026-05-06 18:40:00
W0046,C0046,A0046_6,L006,22939,2026-03-22 17:44:00
W0047,C0047,A0047_4,L004,15484,2026-02-24 07:25:00
W0048,C0048,A0048_5,L012,19405,2026-03-28 13:30:00
W0049,C0049,A0049_7,L011,11437,2026-06-22 06:24:00
W0050,C0050,A0050_7,L007,12872,2026-07-11 18:38:00
W0051,C0051,A0051_4,L003,8824,2026-03-04 17:08:00
W0052,C0052,A0052_4,L011,16153,2026-02-20 08:40:00
W0053,C0053,A0053_7,L010,14201,2026-05-10 06:17:00
W0054,C0054,A0054_6,L006,114444,2026-04-23 20:38:00
W0055,C0055,A0055_6,L002,21060,2026-01-22 13:14:00
W0056,C0056,A0056_5,L003,7019,2026-05-19 20:40:00
W0057,C0057,A0057_7,L005,15396,2026-05-01 12:02:00
W0058,C0058,A0058_7,L012,20160,2026-07-29 18:15:00
W0059,C0059,A0059_4,L007,22659,2026-05-21 23:02:00
W0060,C0060,A0060_7,L001,28740,2026-01-02 00:02:00
W0061,C0061,A0061_5,L007,26297,2026-02-15 01:04:00
W0062,C0062,A0062_7,L007,20367,2026-07-24 15:04:00
W0063,C0063,A0063_6,L003,30201,2026-06-13 05:19:00
W0064,C0064,A0064_5,L012,12558,2026-03-13 11:44:00
W0065,C0065,A0065_6,L009,16539,2026-03-24 00:43:00
W0066,C0066,A0066_5,L009,9171,2026-07-16 16:39:00
W0067,C0067,A0067_4,L011,8118,2026-02-27 14:18:00
W0068,C0068,A0068_6,L005,5951,2026-08-10 04:26:00
W0069,C0069,A0069_5,L005,9567,2026-07-03 13:00:00
W0070,C0070,A0070_7,L010,14574,2026-05-12 19:46:00
W0071,C0071,A0071_4,L010,28952,2026-04-09 19:26:00
W0072,C0072,A0072_6,L011,7153,2026-06-05 20:14:00
W0073,C0073,A0073_5,L002,22310,2026-07-04 05:34:00
W0074,C0074,A0074_7,L011,9337,2026-05-13 10:46:00
W0075,C0075,A0075_7,L012,12842,2026-08-28 12:33:00
W0076,C0076,A0076_7,L001,36166,2026-06-24 07:51:00
W0077,C0077,A0077_7,L009,5569,2026-06-04 07:09:00
W0078,C0078,A0078_5,L011,28248,2026-03-05 03:24:00
W0079,C0079,A0079_5,L009,168126,2026-08-29 12:49:00
W0080,C0080,A0080_5,L002,6573,2026-05-10 09:53:00
W0081,C0081,A0081_7,L001,5865,2026-02-26 00:24:00
W0082,C0082,A0082_7,L010,34220,2026-04-30 00:30:00
W0083,C0083,A0083_5,L009,75458,2026-03-01 23:17:00
W0084,C0084,A0084_5,L007,31575,2026-03-18 16:08:00
W0085,C0085,A0085_5,L005,36906,2026-06-04 22:25:00
W0086,C0086,A0086_6,L006,5931,2026-04-08 18:23:00
W0087,C0087,A0087_7,L003,5800,2026-05-22 02:10:00
W0088,C0088,A0088_7,L009,12621,2026-06-14 03:21:00
W0089,C0089,A0089_6,L008,33449,2026-04-28 23:00:00
W0090,C0090,A0090_4,L003,36494,2026-06-27 22:16:00
W0091,C0091,A0091_7,L002,24869,2026-08-02 17:10:00
W0092,C0092,A0092_6,L001,5786,2026-07-24 11:07:00
W0093,C0093,A0093_7,L005,6120,2026-08-10 16:44:00
W0094,C0094,A0094_6,L008,61170,2026-01-02 16:24:00
W0095,C0095,A0095_4,L012,16228,2026-02-21 22:12:00
W0096,C0096,A0096_4,L008,17255,2026-05-03 22:02:00
W0097,C0097,A0097_7,L007,16079,2026-01-26 11:29:00
W0098,C0098,A0098_5,L007,29078,2026-01-06 14:09:00
W0099,C0099,A0099_5,L011,12836,2026-07-27 05:04:00
W0100,C0100,A0100_6,L008,24073,2026-03-03 13:53:00
W0101,C0101,A0101_7,L004,37816,2026-05-24 20:34:00
W0102,C0102,A0102_4,L011,75718,2026-01-28 01:47:00
W0103,C0103,A0103_6,L005,7591,2026-03-13 23:54:00
W0104,C0104,A0104_6,L011,28526,2026-08-14 06:15:00
W0105,C0105,A0105_4,L012,28706,2026-01-12 08:01:00
W0106,C0106,A0106_7,L008,18438,2026-01-14 16:46:00
W0107,C0107,A0107_4,L011,108661,2026-08-12 06:33:00
W0108,C0108,A0108_5,L004,13463,2026-04-09 15:44:00
W0109,C0109,A0109_4,L006,7538,2026-01-29 10:43:00
W0110,C0110,A0110_7,L009,8646,2026-07-22 15:54:00
W0111,C0111,A0111_5,L003,201177,2026-07-09 07:07:00
W0112,C0112,A0112_6,L011,21868,2026-06-10 03:48:00
W0113,C0113,A0113_6,L001,11045,2026-07-10 01:51:00
W0114,C0114,A0114_6,L008,26053,2026-07-10 00:03:00
W0115,C0115,A0115_4,L002,8937,2026-01-16 06:35:00
W0116,C0116,A0116_7,L007,6906,2026-03-22 16:54:00
W0117,C0117,A0117_6,L008,9231,2026-04-02 15:22:00
W0118,C0118,A0118_4,L010,169115,2026-08-21 01:21:00
W0119,C0119,A0119_6,L011,3393,2026-02-08 04:46:00
W0120,C0120,A0120_7,L012,9208,2026-02-26 03:54:00
W0121,C0121,A0121_5,L008,15803,2026-07-27 19:01:00
W0122,C0122,A0122_7,L011,12605,2026-08-09 15:56:00
W0123,C0123,A0123_6,L007,4140,2026-05-25 05:45:00
W0124,C0124,A0124_4,L004,14753,2026-04-07 13:01:00
W0125,C0125,A0125_4,L002,117550,2026-05-21 04:56:00
W0126,C0126,A0126_4,L009,13833,2026-05-06 07:24:00
W0127,C0127,A0127_5,L005,144222,2026-06-19 11:42:00
W0128,C0128,A0128_5,L009,5124,2026-07-29 20:42:00
W0129,C0129,A0129_6,L005,71847,2026-02-21 22:58:00
W0130,C0130,A0130_4,L001,59957,2026-05-05 21:18:00
W0131,C0131,A0131_7,L001,4750,2026-07-23 13:26:00
W0132,C0132,A0132_4,L008,1782,2026-08-13 09:10:00
W0133,C0133,A0133_4,L004,23669,2026-02-11 09:58:00
W0134,C0134,A0134_6,L005,60547,2026-01-03 10:23:00
W0135,C0135,A0135_5,L012,28346,2026-08-18 01:37:00
W0136,C0136,A0136_6,L005,46160,2026-06-25 21:06:00
W0137,C0137,A0137_7,L007,13737,2026-01-15 00:36:00
W0138,C0138,A0138_7,L009,3434,2026-07-21 05:16:00
W0139,C0139,A0139_6,L004,23273,2026-05-15 13:04:00
W0140,C0140,A0140_7,L006,13497,2026-01-06 03:43:00
W0141,C0141,A0141_5,L010,20676,2026-03-17 08:21:00
W0142,C0142,A0142_6,L011,61678,2026-07-28 08:33:00
W0143,C0143,A0143_4,L007,194213,2026-08-06 17:50:00
W0144,C0144,A0144_4,L012,37381,2026-08-16 17:11:00
W0145,C0145,A0145_4,L002,21776,2026-06-14 15:24:00
W0146,C0146,A0146_4,L011,34710,2026-04-28 16:22:00
W0147,C0147,A0147_7,L011,8527,2026-03-29 15:27:00
W0148,C0148,A0148_6,L011,34765,2026-04-11 10:05:00
W0149,C0149,A0149_6,L003,46862,2026-07-28 07:22:00
W0150,C0150,A0150_7,L001,23966,2026-03-24 06:16:00
W0151,C0151,A0151_5,L011,13063,2026-07-09 21:59:00
W0152,C0152,A0152_5,L005,28962,2026-03-17 17:52:00
W0153,C0153,A0153_5,L002,25519,2026-04-02 04:40:00
W0154,C0154,A0154_4,L012,109241,2026-03-03 23:35:00
W0155,C0155,A0155_5,L004,60715,2026-03-24 20:44:00
W0156,C0156,A0156_5,L008,17124,2026-01-10 05:29:00
W0157,C0157,A0157_6,L009,38000,2026-08-26 19:34:00
W0158,C0158,A0158_6,L003,41618,2026-06-02 15:24:00
W0159,C0159,A0159_5,L008,36222,2026-05-29 19:09:00
W0160,C0160,A0160_6,L011,35476,2026-07-09 23:15:00
W0161,C0161,A0161_7,L007,24382,2026-06-01 10:21:00
W0162,C0162,A0162_4,L001,16882,2026-01-17 13:07:00
W0163,C0163,A0163_4,L006,8346,2026-04-07 23:56:00
W0164,C0164,A0164_7,L012,22766,2026-04-03 23:29:00
W0165,C0165,A0165_7,L005,19180,2026-01-22 11:21:00
W0166,C0166,A0166_4,L007,25289,2026-01-10 20:29:00
W0167,C0167,A0167_7,L012,8310,2026-07-26 01:55:00
W0168,C0168,A0168_7,L011,24471,2026-06-24 17:07:00
W0169,C0169,A0169_6,L010,11924,2026-01-23 04:50:00
W0170,C0170,A0170_4,L004,71149,2026-04-03 09:35:00
W0171,C0171,A0171_6,L009,13930,2026-04-27 17:07:00
W0172,C0172,A0172_7,L006,13988,2026-02-27 02:16:00
W0173,C0173,A0173_4,L009,22542,2026-08-04 00:05:00
W0174,C0174,A0174_7,L006,3887,2026-05-28 06:54:00
W0175,C0175,A0175_7,L004,5894,2026-02-23 17:47:00
W0176,C0176,A0176_4,L006,33172,2026-01-13 16:18:00
W0177,C0177,A0177_6,L003,26501,2026-05-18 08:28:00
W0178,C0178,A0178_7,L004,6996,2026-08-16 18:05:00
W0179,C0179,A0179_5,L008,21644,2026-03-14 18:22:00
W0180,C0180,A0180_6,L009,21997,2026-07-26 07:15:00
W0181,C0181,A0181_5,L012,20469,2026-07-09 01:00:00
W0182,C0182,A0182_4,L005,29614,2026-06-09 19:53:00
W0183,C0183,A0183_6,L005,18763,2026-05-08 15:03:00
W0184,C0184,A0184_4,L001,40413,2026-03-21 12:49:00
W0185,C0185,A0185_6,L001,18028,2026-05-30 02:46:00
W0186,C0186,A0186_7,L005,9585,2026-02-04 13:04:00
W0187,C0187,A0187_5,L011,27791,2026-07-04 03:57:00
W0188,C0188,A0188_4,L005,224196,2026-06-14 14:24:00
W0189,C0189,A0189_5,L010,67625,2026-07-07 04:53:00
W0190,C0190,A0190_6,L010,126578,2026-03-29 00:31:00
W0191,C0191,A0191_5,L010,5481,2026-03-19 02:12:00
W0192,C0192,A0192_7,L010,3818,2026-08-23 09:33:00
W0193,C0193,A0193_6,L009,4832,2026-03-23 21:16:00
W0194,C0194,A0194_7,L007,16002,2026-07-15 09:19:00
W0195,C0195,A0195_5,L003,35103,2026-08-25 10:00:00
W0196,C0196,A0196_4,L002,8380,2026-03-08 20:34:00
W0197,C0197,A0197_7,L012,3012,2026-08-16 01:35:00
W0198,C0198,A0198_5,L011,50137,2026-03-07 16:17:00
W0199,C0199,A0199_6,L009,4817,2026-05-20 03:34:00
W0200,C0200,A0200_5,L008,18922,2026-02-03 09:47:00
W0201,C0201,A0201_5,L008,9250,2026-01-04 12:02:00
W0202,C0202,A0202_4,L008,32958,2026-07-31 03:23:00
W0203,C0203,A0203_5,L004,12804,2026-01-24 18:56:00
W0204,C0204,A0204_7,L007,4603,2026-07-22 19:59:00
W0205,C0205,A0205_7,L011,10303,2026-02-25 22:24:00
W0206,C0206,A0206_6,L012,39378,2026-01-10 06:05:00
W0207,C0207,A0207_6,L008,4801,2026-07-21 12:17:00
W0208,C0208,A0208_5,L002,40143,2026-05-25 00:55:00
W0209,C0209,A0209_7,L001,27287,2026-05-04 08:45:00
W0210,C0210,A0210_6,L003,51713,2026-07-20 13:18:00
W0211,C0211,A0211_5,L001,56037,2026-07-16 06:32:00
W0212,C0212,A0212_4,L009,25627,2026-03-12 20:02:00
W0213,C0213,A0213_5,L007,38951,2026-03-28 22:24:00
W0214,C0214,A0214_7,L006,6154,2026-07-26 02:36:00
W0215,C0215,A0215_6,L007,54829,2026-07-02 05:56:00
W0216,C0216,A0216_6,L010,7459,2026-08-03 18:11:00
W0217,C0217,A0217_6,L005,20331,2026-02-20 10:05:00
W0218,C0218,A0218_5,L005,89577,2026-04-14 16:09:00
W0219,C0219,A0219_5,L003,80969,2026-04-17 17:43:00
W0220,C0220,A0220_5,L011,8049,2026-01-29 22:26:00
W0221,C0221,A0221_5,L006,22947,2026-04-18 14:00:00
W0222,C0222,A0222_4,L003,6548,2026-06-07 11:56:00
W0223,C0223,A0223_7,L002,2645,2026-07-30 08:43:00
W0224,C0224,A0224_6,L011,22289,2026-05-17 01:23:00
W0225,C0225,A0225_5,L010,14874,2026-01-28 00:37:00
W0226,C0226,A0226_7,L006,8883,2026-08-28 05:47:00
W0227,C0227,A0227_7,L007,5186,2026-01-19 05:27:00
W0228,C0228,A0228_6,L004,9366,2026-01-16 00:57:00
W0229,C0229,A0229_7,L009,16739,2026-05-20 01:35:00
W0230,C0230,A0230_5,L002,9685,2026-08-20 12:11:00
W0231,C0231,A0231_5,L007,94780,2026-02-06 16:10:00
W0232,C0232,A0232_7,L005,5345,2026-06-13 12:53:00
W0233,C0233,A0233_5,L006,13915,2026-08-05 17:55:00
W0234,C0234,A0234_7,L007,12502,2026-04-24 23:01:00
W0235,C0235,A0235_5,L003,14902,2026-06-27 22:57:00
W0236,C0236,A0236_7,L007,8667,2026-07-08 10:33:00
W0237,C0237,A0237_7,L008,4876,2026-05-04 02:50:00
W0238,C0238,A0238_4,L006,103496,2026-08-27 04:54:00
W0239,C0239,A0239_6,L005,26131,2026-07-12 23:19:00
W0240,C0240,A0240_4,L001,284723,2026-01-20 06:45:00
W0241,C0241,A0241_7,L008,7863,2026-08-12 10:53:00
W0242,C0242,A0242_5,L008,10957,2026-05-18 11:47:00
W0243,C0243,A0243_5,L005,11512,2026-07-16 06:57:00
W0244,C0244,A0244_4,L004,16783,2026-08-04 09:22:00
W0245,C0245,A0245_7,L009,49695,2026-06-04 20:59:00
W0246,C0246,A0246_4,L005,17408,2026-03-27 05:41:00
W0247,C0247,A0247_4,L002,37742,2026-07-09 18:52:00
W0248,C0248,A0248_7,L010,34362,2026-06-03 15:01:00
W0249,C0249,A0249_6,L009,4649,2026-02-16 05:27:00
W0250,C0250,A0250_7,L009,9169,2026-08-01 19:59:00
W0251,C0251,A0251_4,L008,56369,2026-01-20 02:46:00
W0252,C0252,A0252_5,L009,7981,2026-06-21 13:50:00
W0253,C0253,A0253_6,L009,11232,2026-07-05 06:01:00
W0254,C0254,A0254_7,L001,5832,2026-04-09 12:26:00
W0255,C0255,A0255_7,L007,10749,2026-04-14 07:28:00
W0256,C0256,A0256_6,L009,36430,2026-04-08 23:10:00
W0257,C0257,A0257_5,L011,16639,2026-01-09 09:40:00
W0258,C0258,A0258_4,L011,17199,2026-03-14 13:18:00
W0259,C0259,A0259_4,L011,40949,2026-01-23 01:56:00
W0260,C0260,A0260_5,L007,28927,2026-05-27 05:49:00
W0261,C0261,A0261_7,L007,4041,2026-06-01 15:24:00
W0262,C0262,A0262_7,L011,4304,2026-02-07 11:04:00
W0263,C0263,A0263_4,L009,18453,2026-07-25 10:45:00
W0264,C0264,A0264_4,L007,6039,2026-05-29 20:52:00
W0265,C0265,A0265_4,L003,68078,2026-05-31 03:16:00
W0266,C0266,A0266_6,L005,49933,2026-03-03 10:52:00
W0267,C0267,A0267_5,L009,18220,2026-08-04 12:55:00
W0268,C0268,A0268_5,L003,8900,2026-01-22 06:05:00
W0269,C0269,A0269_4,L007,9903,2026-05-24 00:32:00
W0270,C0270,A0270_5,L007,69369,2026-04-28 00:46:00
W0271,C0271,A0271_7,L011,13706,2026-06-08 17:50:00
W0272,C0272,A0272_6,L003,20645,2026-08-17 21:50:00
W0273,C0273,A0273_7,L002,1315,2026-02-12 12:49:00
W0274,C0274,A0274_4,L008,40135,2026-05-25 23:44:00
W0275,C0275,A0275_6,L010,22359,2026-07-02 00:42:00
W0276,C0276,A0276_5,L011,15075,2026-02-11 15:52:00
W0277,C0277,A0277_6,L009,61231,2026-06-11 17:37:00
W0278,C0278,A0278_7,L002,18268,2026-05-12 07:45:00
W0279,C0279,A0279_4,L001,22050,2026-07-27 09:07:00
W0280,C0280,A0280_4,L004,63565,2026-06-07 13:42:00
W0281,C0281,A0281_4,L009,22883,2026-02-07 19:14:00
W0282,C0282,A0282_7,L007,16371,2026-06-02 22:30:00
W0283,C0283,A0283_5,L009,44857,2026-02-26 21:25:00
W0284,C0284,A0284_6,L010,6915,2026-02-23 21:13:00
W0285,C0285,A0285_4,L002,5777,2026-04-23 17:29:00
W0286,C0286,A0286_7,L009,8669,2026-07-29 10:13:00
W0287,C0287,A0287_6,L010,33381,2026-01-03 21:41:00
W0288,C0288,A0288_6,L012,30124,2026-04-14 17:41:00
W0289,C0289,A0289_4,L001,35759,2026-07-05 17:21:00
W0290,C0290,A0290_5,L012,5548,2026-07-20 22:57:00
W0291,C0291,A0291_7,L012,16680,2026-07-19 17:05:00
W0292,C0292,A0292_6,L011,14271,2026-02-09 07:33:00
W0293,C0293,A0293_7,L010,15795,2026-02-05 20:26:00
W0294,C0294,A0294_5,L002,11250,2026-05-02 19:30:00
W0295,C0295,A0295_6,L006,24972,2026-01-30 04:59:00
W0296,C0296,A0296_4,L008,28745,2026-05-07 18:57:00
W0297,C0297,A0297_5,L012,23023,2026-01-23 00:43:00
W0298,C0298,A0298_5,L003,97547,2026-08-04 20:25:00
W0299,C0299,A0299_6,L006,24041,2026-03-24 15:10:00
W0300,C0300,A0300_7,L010,4241,2026-08-04 03:15:00
W0301,C0301,A0301_4,L004,63030,2026-07-09 22:02:00
W0302,C0302,A0302_7,L004,31579,2026-06-23 01:35:00
W0303,C0303,A0303_7,L009,23962,2026-01-18 00:11:00
W0304,C0304,A0304_4,L002,29093,2026-06-06 23:03:00
W0305,C0305,A0305_5,L003,5930,2026-07-20 04:20:00
W0306,C0306,A0306_5,L006,33908,2026-05-13 01:26:00
W0307,C0307,A0307_6,L011,15473,2026-05-03 02:48:00
W0308,C0308,A0308_6,L003,132552,2026-01-08 20:57:00
W0309,C0309,A0309_7,L003,30178,2026-01-29 14:48:00
W0310,C0310,A0310_5,L009,40724,2026-03-13 08:46:00
W0311,C0311,A0311_5,L010,12982,2026-06-13 22:13:00
W0312,C0312,A0312_7,L002,42988,2026-04-20 19:03:00
W0313,C0313,A0313_6,L009,45236,2026-02-05 21:20:00
W0314,C0314,A0314_7,L006,11269,2026-07-18 02:16:00
W0315,C0315,A0315_7,L002,2716,2026-08-23 00:04:00
W0316,C0316,A0316_4,L004,6474,2026-03-25 16:55:00
W0317,C0317,A0317_4,L008,37116,2026-02-21 02:37:00
W0318,C0318,A0318_5,L008,12531,2026-08-06 08:21:00
W0319,C0319,A0319_4,L009,43512,2026-05-22 06:52:00
W0320,C0320,A0320_7,L010,2390,2026-07-01 06:01:00
W0321,C0321,A0321_7,L004,6200,2026-06-28 03:42:00
W0322,C0322,A0322_5,L003,20143,2026-03-25 13:02:00
W0323,C0323,A0323_4,L010,22043,2026-04-16 13:30:00
W0324,C0324,A0324_5,L004,2215,2026-08-22 22:14:00
W0325,C0325,A0325_6,L006,13317,2026-04-24 13:45:00
W0326,C0326,A0326_5,L004,58094,2026-02-19 04:53:00
W0327,C0327,A0327_7,L007,5176,2026-07-20 18:44:00
W0328,C0328,A0328_6,L002,159029,2026-08-23 09:08:00
W0329,C0329,A0329_7,L005,14422,2026-08-26 16:55:00
W0330,C0330,A0330_7,L012,7905,2026-05-09 21:47:00
W0331,C0331,A0331_5,L011,10068,2026-02-16 18:37:00
W0332,C0332,A0332_4,L012,35360,2026-01-03 04:25:00
W0333,C0333,A0333_4,L010,22358,2026-06-06 04:43:00
W0334,C0334,A0334_4,L008,37714,2026-07-28 14:34:00
W0335,C0335,A0335_5,L005,1455,2026-08-11 20:30:00
W0336,C0336,A0336_5,L010,47754,2026-03-08 01:45:00
W0337,C0337,A0337_6,L009,12692,2026-07-09 22:37:00
W0338,C0338,A0338_4,L004,7108,2026-02-07 22:43:00
W0339,C0339,A0339_6,L005,4724,2026-01-14 09:39:00
W0340,C0340,A0340_7,L010,22590,2026-02-12 00:14:00
W0341,C0341,A0341_4,L003,48570,2026-02-09 00:19:00
W0342,C0342,A0342_4,L002,16682,2026-01-22 06:41:00
W0343,C0343,A0343_7,L004,3218,2026-05-18 08:28:00
W0344,C0344,A0344_7,L011,9242,2026-03-18 15:14:00
W0345,C0345,A0345_7,L012,51334,2026-06-01 16:28:00
W0346,C0346,A0346_4,L006,17105,2026-03-05 04:48:00
W0347,C0347,A0347_7,L007,2819,2026-08-25 07:49:00
W0348,C0348,A0348_7,L008,36628,2026-06-05 16:55:00
W0349,C0349,A0349_4,L012,82925,2026-08-27 07:29:00
W0350,C0350,A0350_4,L007,50807,2026-06-22 19:52:00
W0351,C0351,A0351_5,L006,12607,2026-07-09 00:42:00
W0352,C0352,A0352_7,L007,4069,2026-01-22 21:15:00
W0353,C0353,A0353_5,L011,7104,2026-07-10 13:39:00
W0354,C0354,A0354_6,L007,6697,2026-07-17 02:49:00
W0355,C0355,A0355_5,L010,2219,2026-02-16 09:27:00
W0356,C0356,A0356_6,L006,18421,2026-01-29 11:29:00
W0357,C0357,A0357_6,L010,12585,2026-02-03 13:49:00
W0358,C0358,A0358_6,L004,20885,2026-02-02 10:05:00
W0359,C0359,A0359_7,L005,13405,2026-05-11 17:02:00
W0360,C0360,A0360_4,L002,19577,2026-01-15 00:27:00
W0361,C0361,A0361_6,L011,15683,2026-04-02 10:45:00
W0362,C0362,A0362_5,L001,8539,2026-01-24 19:20:00
W0363,C0363,A0363_7,L010,19210,2026-07-06 03:00:00
W0364,C0364,A0364_4,L012,22235,2026-03-10 23:20:00
W0365,C0365,A0365_4,L002,24031,2026-08-15 05:13:00
W0366,C0366,A0366_4,L003,38685,2026-03-19 22:45:00
W0367,C0367,A0367_6,L010,21171,2026-07-06 13:15:00
W0368,C0368,A0368_6,L006,18238,2026-07-27 09:43:00
W0369,C0369,A0369_7,L007,10309,2026-01-15 02:54:00
W0370,C0370,A0370_7,L009,58542,2026-02-11 03:10:00
W0371,C0371,A0371_4,L003,3998,2026-04-19 07:30:00
W0372,C0372,A0372_7,L007,3014,2026-03-10 05:35:00
W0373,C0373,A0373_5,L006,17437,2026-06-10 05:28:00
W0374,C0374,A0374_7,L003,21095,2026-07-16 13:44:00
W0375,C0375,A0375_7,L003,9073,2026-06-09 13:26:00
W0376,C0376,A0376_7,L012,4139,2026-08-25 16:04:00
W0377,C0377,A0377_5,L009,11301,2026-03-07 00:31:00
W0378,C0378,A0378_7,L012,9311,2026-06-26 10:27:00
W0379,C0379,A0379_5,L004,24018,2026-05-29 06:21:00
W0380,C0380,A0380_4,L003,12930,2026-08-01 20:59:00
W0381,C0381,A0381_4,L007,18829,2026-08-27 16:40:00
W0382,C0382,A0382_4,L010,131564,2026-08-22 18:09:00
W0383,C0383,A0383_7,L004,26593,2026-06-03 13:33:00
W0384,C0384,A0384_4,L012,28972,2026-01-07 17:29:00
W0385,C0385,A0385_4,L004,13323,2026-04-07 10:55:00
W0386,C0386,A0386_7,L003,36563,2026-05-06 03:38:00
W0387,C0387,A0387_4,L005,90487,2026-02-25 15:27:00
W0388,C0388,A0388_5,L003,39812,2026-08-25 08:32:00
W0389,C0389,A0389_5,L006,9668,2026-08-18 23:12:00
W0390,C0390,A0390_6,L008,8895,2026-02-01 02:51:00
W0391,C0391,A0391_7,L008,8177,2026-03-12 16:52:00
W0392,C0392,A0392_7,L001,24585,2026-03-22 18:58:00
W0393,C0393,A0393_6,L010,28994,2026-01-20 13:09:00
W0394,C0394,A0394_4,L008,45145,2026-04-01 21:56:00
W0395,C0395,A0395_5,L002,11509,2026-04-28 00:15:00
W0396,C0396,A0396_6,L006,14959,2026-06-19 21:17:00
W0397,C0397,A0397_5,L005,30385,2026-01-14 00:25:00
W0398,C0398,A0398_7,L009,4765,2026-03-15 04:25:00
W0399,C0399,A0399_5,L012,37916,2026-07-29 03:20:00
W0400,C0400,A0400_4,L007,30522,2026-07-19 00:10:00
W0401,C0401,A0401_5,L004,54536,2026-06-13 06:25:00
W0402,C0402,A0402_5,L004,10049,2026-05-01 01:37:00
W0403,C0403,A0403_4,L006,19181,2026-08-08 18:48:00
W0404,C0404,A0404_5,L002,28071,2026-02-14 22:43:00
W0405,C0405,A0405_7,L012,9779,2026-04-02 19:13:00
W0406,C0406,A0406_6,L004,10787,2026-06-02 05:36:00
W0407,C0407,A0407_5,L002,168297,2026-06-04 06:57:00
W0408,C0408,A0408_5,L011,40114,2026-02-17 07:13:00
W0409,C0409,A0409_4,L003,29056,2026-06-16 01:10:00
W0410,C0410,A0410_6,L012,18102,2026-03-28 19:49:00
W0411,C0411,A0411_5,L007,14927,2026-05-09 01:16:00
W0412,C0412,A0412_5,L007,130481,2026-02-05 00:02:00
W0413,C0413,A0413_7,L007,6146,2026-08-10 06:21:00
W0414,C0414,A0414_5,L012,87420,2026-08-12 07:45:00
W0415,C0415,A0415_7,L009,6599,2026-07-07 13:53:00
W0416,C0416,A0416_4,L003,6941,2026-02-20 21:08:00
W0417,C0417,A0417_5,L004,7467,2026-03-01 04:28:00
W0418,C0418,A0418_6,L006,14485,2026-02-02 02:17:00
W0419,C0419,A0419_5,L008,71080,2026-02-05 19:32:00
W0420,C0420,A0420_5,L009,109883,2026-04-09 17:26:00
W0421,C0421,A0421_7,L008,12107,2026-08-10 17:41:00
W0422,C0422,A0422_4,L003,9643,2026-07-21 00:52:00
W0423,C0423,A0423_4,L011,26855,2026-01-21 11:10:00
W0424,C0424,A0424_6,L002,21823,2026-05-22 11:46:00
W0425,C0425,A0425_7,L006,22060,2026-04-03 15:02:00
W0426,C0426,A0426_4,L005,12825,2026-06-11 21:22:00
W0427,C0427,A0427_4,L010,25022,2026-03-03 18:00:00
W0428,C0428,A0428_6,L008,67856,2026-06-05 11:05:00
W0429,C0429,A0429_7,L001,7030,2026-04-10 19:05:00
W0430,C0430,A0430_7,L009,8459,2026-06-16 19:05:00
W0431,C0431,A0431_7,L009,18749,2026-01-31 11:51:00
W0432,C0432,A0432_7,L002,76528,2026-08-24 07:35:00
W0433,C0433,A0433_5,L008,13282,2026-06-19 22:59:00
W0434,C0434,A0434_6,L005,20002,2026-07-01 09:15:00
W0435,C0435,A0435_5,L008,22186,2026-03-06 02:14:00
W0436,C0436,A0436_6,L007,23317,2026-04-11 16:39:00
W0437,C0437,A0437_5,L005,9922,2026-07-16 20:47:00
W0438,C0438,A0438_6,L008,7761,2026-05-05 05:45:00
W0439,C0439,A0439_5,L004,21810,2026-01-06 13:15:00
W0440,C0440,A0440_6,L003,11709,2026-01-07 17:30:00
W0441,C0441,A0441_4,L008,242008,2026-01-10 14:05:00
W0442,C0442,A0442_5,L009,13526,2026-07-13 03:07:00
W0443,C0443,A0443_6,L008,16090,2026-03-16 21:02:00
W0444,C0444,A0444_5,L012,18791,2026-06-02 07:25:00
W0445,C0445,A0445_6,L002,16421,2026-05-15 00:02:00
W0446,C0446,A0446_7,L012,25711,2026-01-31 13:01:00
W0447,C0447,A0447_7,L009,33700,2026-04-19 10:30:00
W0448,C0448,A0448_7,L003,41028,2026-06-11 17:44:00
W0449,C0449,A0449_7,L008,10221,2026-05-31 15:44:00
W0450,C0450,A0450_4,L008,59213,2026-02-16 05:39:00
W0451,C0451,A0451_5,L005,28720,2026-02-05 22:15:00
W0452,C0452,A0452_5,L009,13945,2026-06-29 17:20:00
W0453,C0453,A0453_6,L006,29938,2026-04-08 01:55:00
W0454,C0454,A0454_6,L004,8424,2026-06-03 14:57:00
W0455,C0455,A0455_4,L003,24074,2026-04-28 16:08:00
W0456,C0456,A0456_7,L012,9084,2026-06-25 17:07:00
W0457,C0457,A0457_6,L011,14378,2026-05-08 09:32:00
W0458,C0458,A0458_5,L007,19387,2026-07-26 02:48:00
W0459,C0459,A0459_5,L008,38071,2026-04-19 20:26:00
W0460,C0460,A0460_6,L012,8954,2026-01-07 21:59:00
W0461,C0461,A0461_4,L011,75370,2026-07-31 18:48:00
W0462,C0462,A0462_4,L009,26860,2026-07-05 00:05:00
W0463,C0463,A0463_6,L010,26214,2026-06-04 17:10:00
W0464,C0464,A0464_6,L011,5138,2026-05-23 03:43:00
W0465,C0465,A0465_7,L002,62225,2026-06-09 23:19:00
W0466,C0466,A0466_5,L005,15338,2026-01-29 02:17:00
W0467,C0467,A0467_7,L010,2762,2026-02-27 07:34:00
W0468,C0468,A0468_5,L002,37329,2026-03-05 01:14:00
W0469,C0469,A0469_7,L004,3669,2026-03-08 22:32:00
W0470,C0470,A0470_7,L005,7145,2026-03-27 00:27:00
W0471,C0471,A0471_6,L010,10085,2026-07-27 03:11:00
W0472,C0472,A0472_5,L004,42434,2026-06-15 08:05:00
W0473,C0473,A0473_6,L003,70654,2026-06-10 05:28:00
W0474,C0474,A0474_7,L006,7916,2026-01-16 10:44:00
W0475,C0475,A0475_6,L011,31341,2026-06-03 12:30:00
W0476,C0476,A0476_6,L011,16636,2026-06-22 13:31:00
W0477,C0477,A0477_6,L005,3896,2026-03-25 21:06:00
W0478,C0478,A0478_6,L008,23597,2026-06-30 10:31:00
W0479,C0479,A0479_7,L012,15519,2026-08-21 19:45:00
W0480,C0480,A0480_7,L007,20056,2026-07-22 05:16:00
W0481,C0481,A0481_4,L009,63106,2026-05-06 12:53:00
W0482,C0482,A0482_5,L007,20102,2026-08-14 07:37:00
W0483,C0483,A0483_5,L001,15998,2026-05-17 18:05:00
W0484,C0484,A0484_5,L007,13525,2026-08-28 10:44:00
W0485,C0485,A0485_6,L008,37486,2026-01-31 18:52:00
W0486,C0486,A0486_4,L004,20731,2026-06-17 00:05:00
W0487,C0487,A0487_7,L001,19932,2026-07-10 01:35:00
W0488,C0488,A0488_5,L012,13156,2026-07-15 22:51:00
W0489,C0489,A0489_5,L012,15317,2026-05-03 18:51:00
W0490,C0490,A0490_6,L004,2163,2026-03-10 07:23:00
W0491,C0491,A0491_4,L005,64840,2026-06-09 11:30:00
W0492,C0492,A0492_4,L005,17773,2026-06-14 03:18:00
W0493,C0493,A0493_5,L005,17505,2026-02-26 02:17:00
W0494,C0494,A0494_7,L002,27820,2026-04-13 14:12:00
W0495,C0495,A0495_5,L009,21897,2026-03-12 08:05:00
W0496,C0496,A0496_7,L012,16802,2026-07-13 14:47:00
W0497,C0497,A0497_4,L004,16437,2026-04-19 01:22:00
W0498,C0498,A0498_4,L012,13337,2026-08-04 00:41:00
W0499,C0499,A0499_5,L008,66189,2026-04-22 01:20:00
W0500,C0500,A0500_6,L004,18504,2026-05-23 21:26:00
W0501,C0501,A0501_6,L009,90090,2026-08-18 14:53:00
W0502,C0502,A0502_6,L008,13313,2026-01-27 13:24:00
W0503,C0503,A0503_7,L004,14668,2026-05-26 10:13:00
W0504,C0504,A0504_6,L009,31638,2026-06-15 22:09:00
W0505,C0505,A0505_7,L003,58731,2026-06-30 07:44:00
W0506,C0506,A0506_6,L003,31914,2026-01-09 01:20:00
W0507,C0507,A0507_6,L004,91218,2026-01-21 14:10:00
W0508,C0508,A0508_5,L012,110456,2026-05-27 08:06:00
W0509,C0509,A0509_6,L008,10994,2026-04-10 18:41:00
W0510,C0510,A0510_7,L005,13759,2026-06-10 17:45:00
W0511,C0511,A0511_6,L007,31952,2026-01-15 01:35:00
W0512,C0512,A0512_5,L011,15556,2026-04-06 16:38:00
W0513,C0513,A0513_5,L008,62101,2026-06-27 16:05:00
W0514,C0514,A0514_5,L007,16919,2026-07-30 08:44:00
W0515,C0515,A0515_5,L007,21192,2026-02-23 13:25:00
W0516,C0516,A0516_5,L001,21371,2026-05-16 12:14:00
W0517,C0517,A0517_4,L011,52983,2026-07-16 21:54:00
W0518,C0518,A0518_5,L001,18695,2026-04-27 21:14:00
W0519,C0519,A0519_7,L012,4215,2026-08-15 17:47:00
W0520,C0520,A0520_5,L012,35200,2026-05-22 08:36:00
W0521,C0521,A0521_4,L006,228222,2026-06-06 21:11:00
W0522,C0522,A0522_6,L008,81158,2026-05-02 14:55:00
W0523,C0523,A0523_7,L007,9265,2026-02-13 04:34:00
W0524,C0524,A0524_7,L012,40884,2026-02-19 20:34:00
W0525,C0525,A0525_6,L002,52816,2026-03-12 02:59:00
W0526,C0526,A0526_5,L006,12198,2026-02-15 15:33:00
W0527,C0527,A0527_4,L012,43195,2026-07-10 05:20:00
W0528,C0528,A0528_7,L012,7310,2026-03-16 01:40:00
W0529,C0529,A0529_5,L007,20330,2026-06-18 02:59:00
W0530,C0530,A0530_7,L006,19680,2026-05-03 15:46:00
W0531,C0531,A0531_5,L001,37493,2026-07-23 00:38:00
W0532,C0532,A0532_7,L003,26049,2026-04-01 07:28:00
W0533,C0533,A0533_7,L004,13557,2026-03-26 02:23:00
W0534,C0534,A0534_7,L006,7882,2026-08-19 12:49:00
W0535,C0535,A0535_7,L007,13559,2026-07-24 20:52:00
W0536,C0536,A0536_6,L011,29428,2026-03-24 02:51:00
W0537,C0537,A0537_5,L007,17866,2026-02-05 07:01:00
W0538,C0538,A0538_5,L006,34962,2026-06-24 21:18:00
W0539,C0539,A0539_5,L005,6847,2026-01-02 14:26:00
W0540,C0540,A0540_5,L010,137868,2026-01-08 18:38:00
W0541,C0541,A0541_6,L006,22350,2026-03-06 10:00:00
W0542,C0542,A0542_7,L005,7865,2026-03-12 04:30:00
W0543,C0543,A0543_6,L011,24161,2026-07-05 10:10:00
W0544,C0544,A0544_7,L005,41205,2026-06-21 12:28:00
W0545,C0545,A0545_7,L009,15787,2026-07-16 12:20:00
W0546,C0546,A0546_6,L012,20517,2026-05-14 06:56:00
W0547,C0547,A0547_7,L001,15160,2026-07-12 09:50:00
W0548,C0548,A0548_7,L002,28349,2026-05-31 20:25:00
W0549,C0549,A0549_6,L011,17435,2026-03-03 22:52:00
W0550,C0550,A0550_4,L002,60675,2026-08-19 17:47:00
W0551,C0551,A0551_5,L012,39100,2026-08-11 01:47:00
W0552,C0552,A0552_7,L003,61409,2026-05-02 04:48:00
W0553,C0553,A0553_6,L005,40732,2026-07-12 02:05:00
W0554,C0554,A0554_4,L011,48285,2026-05-11 06:25:00
W0555,C0555,A0555_5,L004,10177,2026-04-06 16:07:00
W0556,C0556,A0556_6,L012,14628,2026-03-13 16:51:00
W0557,C0557,A0557_6,L011,38240,2026-08-26 13:55:00
W0558,C0558,A0558_6,L009,19166,2026-03-17 00:32:00
W0559,C0559,A0559_5,L007,74322,2026-05-21 21:25:00
W0560,C0560,A0560_4,L003,28488,2026-07-11 02:02:00
W0561,C0561,A0561_7,L002,17259,2026-05-30 14:09:00
W0562,C0562,A0562_7,L009,15084,2026-07-02 17:51:00
W0563,C0563,A0563_7,L006,60225,2026-07-03 12:19:00
W0564,C0564,A0564_4,L002,28625,2026-05-13 23:15:00
W0565,C0565,A0565_6,L005,12597,2026-08-11 08:55:00
W0566,C0566,A0566_5,L009,17689,2026-05-22 15:31:00
W0567,C0567,A0567_4,L008,186568,2026-07-01 07:02:00
W0568,C0568,A0568_5,L005,15016,2026-07-03 16:51:00
W0569,C0569,A0569_5,L008,57480,2026-07-14 05:52:00
W0570,C0570,A0570_6,L009,11713,2026-08-17 01:37:00
W0571,C0571,A0571_7,L003,4070,2026-04-05 05:45:00
W0572,C0572,A0572_5,L007,24668,2026-04-18 23:17:00
W0573,C0573,A0573_6,L005,12372,2026-04-06 18:56:00
W0574,C0574,A0574_5,L007,12202,2026-02-07 21:10:00
W0575,C0575,A0575_6,L004,32847,2026-02-09 15:51:00
W0576,C0576,A0576_4,L002,13896,2026-07-24 01:50:00
W0577,C0577,A0577_7,L005,7607,2026-06-07 02:54:00
W0578,C0578,A0578_6,L010,93334,2026-06-30 16:17:00
W0579,C0579,A0579_5,L001,14013,2026-06-22 02:39:00
W0580,C0580,A0580_4,L003,65329,2026-06-18 12:47:00
W0581,C0581,A0581_6,L012,2616,2026-04-03 15:52:00
W0582,C0582,A0582_7,L004,4288,2026-04-15 22:17:00
W0583,C0583,A0583_4,L002,49065,2026-08-29 17:07:00
W0584,C0584,A0584_6,L002,104340,2026-05-03 02:49:00
W0585,C0585,A0585_4,L002,64453,2026-03-28 06:02:00
W0586,C0586,A0586_7,L003,26546,2026-07-29 03:20:00
W0587,C0587,A0587_6,L009,11576,2026-05-27 14:08:00
W0588,C0588,A0588_5,L005,8074,2026-02-06 02:05:00
W0589,C0589,A0589_5,L009,9531,2026-03-09 14:09:00
W0590,C0590,A0590_4,L001,11694,2026-01-25 00:06:00
W0591,C0591,A0591_5,L001,23149,2026-06-29 06:52:00
W0592,C0592,A0592_6,L002,42652,2026-03-30 06:42:00
W0593,C0593,A0593_6,L003,8261,2026-06-25 16:38:00
W0594,C0594,A0594_7,L005,4790,2026-04-01 09:29:00
W0595,C0595,A0595_5,L004,30961,2026-03-12 19:08:00
W0596,C0596,A0596_6,L009,18843,2026-08-15 05:33:00
W0597,C0597,A0597_4,L006,14125,2026-05-31 09:03:00
W0598,C0598,A0598_7,L011,2805,2026-04-16 04:06:00
W0599,C0599,A0599_6,L007,14607,2026-06-11 10:40:00
W0600,C0600,A0600_5,L008,12649,2026-06-10 22:10:00
